Category,Tip
Saving,"Set clear savings goals for short, medium, and long terms."
Saving,"Follow the 50/30/20 rule: 50% needs, 30% wants, 20% savings."
Saving,Automate your savings to avoid spending temptations.
Saving,Create an emergency fund covering at least 6 months of expenses.
Saving,"Save windfalls like bonuses, tax refunds, or gifts."
Saving,Track daily expenses to find areas for saving.
Saving,Cut down on unnecessary subscriptions.
Saving,Shop with a list to avoid impulse buying.
Saving,Save loose change; it adds up over time.
Saving,Use cash instead of credit for better expense control.
Investing,Start investing early to leverage the power of compounding.
Investing,Diversify your investment portfolio to minimize risks.
Investing,Understand your risk tolerance before investing.
Investing,Invest in index funds for stable long-term growth.
Investing,Research before investing in stocks or mutual funds.
Investing,Review and rebalance your portfolio annually.
Investing,Consider low-cost investment options to maximize returns.
Investing,Don't invest in something you don't understand.
Investing,"Invest consistently, even in small amounts."
Investing,Avoid emotional investing—focus on data.
Credit & Loans,Pay credit card bills on time to avoid interest and penalties.
Credit & Loans,Keep credit utilization below 30% for a healthy credit score.
Credit & Loans,Regularly check your credit report for errors.
Credit & Loans,Avoid applying for multiple loans in a short period.
Credit & Loans,Choose loans with the lowest interest rates and flexible terms.
Credit & Loans,Pay more than the minimum due to reduce debt faster.
Credit & Loans,Use EMI calculators to understand your repayment capability.
Credit & Loans,Refinance loans if it reduces interest rates.
Credit & Loans,Close high-interest loans first to reduce debt.
Credit & Loans,Avoid unnecessary loans for luxury items.
Budgeting,Create a monthly budget and stick to it.
Budgeting,Differentiate between needs vs. wants.
Budgeting,Allocate funds for unexpected expenses.
Budgeting,Review and adjust your budget monthly.
Budgeting,Use budgeting apps to track expenses.
Budgeting,Set spending limits for each category.
Budgeting,Avoid emotional shopping—always buy with a purpose.
Budgeting,Take advantage of discounts and cashback offers.
Budgeting,Plan major expenses in advance.
Budgeting,Reevaluate subscriptions or services that are rarely used.
Banking,Opt for zero-balance savings accounts if eligible.
Banking,Keep track of ATM withdrawals and balance.
Banking,Avoid overdraft fees by monitoring your account balance.
Banking,Set up SMS or app alerts for account activities.
Banking,Choose banks that offer the best interest rates for savings.
Banking,Use online banking for easier fund management.
Banking,Keep multiple bank accounts for better financial management.
Banking,Regularly review bank statements for unauthorized transactions.
Banking,Avoid unnecessary credit card annual fees.
Banking,Link bills to auto-pay to avoid late fees.
Home & Lifestyle,Plan big purchases during sale seasons.
Home & Lifestyle,Avoid lifestyle inflation as your income grows.
Home & Lifestyle,Compare prices online before buying.
Home & Lifestyle,Reduce utility bills by being energy-efficient.
Home & Lifestyle,Use public transportation to save on fuel.
Home & Lifestyle,Cook at home instead of dining out frequently.
Home & Lifestyle,Reuse and recycle to save money.
Home & Lifestyle,Invest in quality appliances to avoid frequent repairs.
Home & Lifestyle,Buy in bulk for non-perishable items.
Home & Lifestyle,Avoid using credit for luxury purchases.
Insurance,Take health insurance to protect against medical emergencies.
Insurance,Opt for life insurance if you have dependents.
Insurance,Review your insurance policies annually.
Insurance,Avoid unnecessary insurance add-ons.
Insurance,Shop around for the best insurance premiums.
Insurance,Understand the claim process before buying a policy.
Insurance,Buy term insurance for maximum coverage at a low cost.
Insurance,Check for employer-provided insurance benefits.
Insurance,Don't let insurance policies lapse.
Insurance,Compare insurance providers for better deals.
Financial Planning,Set financial goals and monitor progress regularly.
Financial Planning,Consult a financial advisor for expert guidance.
Financial Planning,Create a retirement plan early in life.
Financial Planning,Keep track of investment maturity dates.
Financial Planning,Have a succession plan for your assets.
Financial Planning,Plan for children's education expenses in advance.
Financial Planning,Regularly evaluate your financial goals.
Financial Planning,Avoid risky investments close to retirement.
Financial Planning,Reinvest dividends for compounded growth.
Financial Planning,Maintain a balance between debt and savings.
Debt Management,Avoid taking multiple loans at the same time.
Debt Management,Prioritize high-interest debts first.
Debt Management,Negotiate with lenders for better terms if needed.
Debt Management,Avoid using one loan to pay off another.
Debt Management,Set reminders for loan EMI dates.
Debt Management,Pay more than the minimum EMI when possible.
Debt Management,Avoid missing payments to protect your credit score.
Debt Management,Keep track of loan closing documents.
Debt Management,Understand the terms and conditions of any loan.
Debt Management,Avoid co-signing loans unless absolutely necessary.
Quick Financial Tips,Always read the fine print in financial agreements.
Quick Financial Tips,"Set small, achievable financial milestones."
Quick Financial Tips,Understand taxes applicable on your income and investments.
Quick Financial Tips,File taxes on time to avoid penalties.
Quick Financial Tips,Invest in knowledge—financial education pays the best interest.
Quick Financial Tips,Avoid making financial decisions in haste.
Quick Financial Tips,Maintain a list of all your assets and liabilities.
Quick Financial Tips,Keep digital copies of important financial documents.
Quick Financial Tips,Avoid get-rich-quick schemes.
Quick Financial Tips,Review your financial plan every 6 months.
